{
  "options": {
    "step": {
      "init": {
        "data": {
          "conf_turn_on_before_set_temp": "Turn on device before setting temperature"
        }
      }
    }
  },
  "config": {
    "step": {
      "details": {
        "data": {
          "local": "[%key:common::config_flow::data::local%]",
          "cloud": "[%key:common::config_flow::data::cloud%]",
          "select_polling_desc": "[%key:common::config_flow::data::select_polling_desc%]",
          "username": "[%key:common::config_flow::data::username%]",
          "password": "[%key:common::config_flow::data::password%]",
          "country": "[%key:common::config_flow::data::country%]",
          "device_id": "[%key:common::config_flow::data::device_id%]",
          "ip_address": "[%key:common::config_flow::data::ip_address%]"
        }
      },
      "user": {
        "data": {
          "device_id": "[%key:common::config_flow::data::device_id%]",
          "ip_address": "[%key:common::config_flow::data::ip_address%]",
          "conf_turn_on_before_set_temp": "Turn on device before setting temperature"
        }
      },
      "reconfigure": {
        "data": {
          "ip_address": "[%key:common::config_flow::data::ip_address%]"
        }
      }
    },
    "error": {
      "cannot_connect": "[%key:common::config_flow::error::cannot_connect%]",
      "invalid_auth": "[%key:common::config_flow::error::invalid_auth%]",
      "unknown": "[%key:common::config_flow::error::unknown%]"
    },
    "abort": {
      "already_configured": "[%key:common::config_flow::abort::already_configured_device%]",
      "not_a_fujitsu_airstage": "Device is not a Fujitsu Airstage"
    }
  }
}
